"Peergrade","bonded-by-product"
"Peergrade","project-ownership"
"Peergrade","friends-outside-work"
"Peergrade","feedback"
"Peergrade","impressive-teammates"
"Peergrade","personal-growth"
"Peergrade","fast-paced"
"Peergrade","lunch-together"
"Peergrade","remote-ok"
"Wove","project-ownership"
"Wove","customer-first"
"Wove","many-hats"
"Wove","impressive-teammates"
"Wove","quality-code"
"Wove","open-communication"
"Wove","internal-promotion"
"Wove","retention"
"Flexport","fast-paced"
"Flexport","product-driven"
"Flexport","worklife-balance"
"Flexport","open-communication"
"Flexport","many-hats"
"Flexport","internal-promotion"
"Flexport","light-meetings"
"Flexport","impressive-teammates"
"Buffer","flex-hours"
"Buffer","inclusive"
"Buffer","psychologically-safe"
"Buffer","diverse-team"
"Buffer","eq-iq"
"Buffer","worklife-balance"
"Buffer","parents"
"Buffer","open-source"
"Buffer","remote-ok"
"Medium","personal-growth"
"Medium","diverse-team"
"Medium","inclusive"
"Medium","psychologically-safe"
"Medium","feedback"
"Medium","continuous-delivery"
"Medium","eq-iq"
"Medium","open-communication"
"Checkr","engages-community"
"Checkr","cross-dep"
"Checkr","continuous-delivery"
"Checkr","fast-paced"
"Checkr","safe-env"
"Checkr","rapid-growth"
"Checkr","lunch-together"
"Checkr","diverse-team"
"Braze","rapid-growth"
"Braze","personal-growth"
"Braze","new-tech"
"Braze","many-hats"
"Braze","creative-innovative"
"Braze","lunch-together"
"Braze","impressive-teammates"
"Braze","project-ownership"
"High Wheel Software","flex-hours"
"High Wheel Software","data-driven"
"High Wheel Software","personal-growth"
"High Wheel Software","feedback"
"High Wheel Software","engages-community"
"High Wheel Software","flat-organization"
"High Wheel Software","remote-ok"
"Jane","bonded-by-product"
"Jane","creative-innovative"
"Jane","open-communication"
"Jane","feedback"
"Jane","internal-promotion"
"Jane","personal-growth"
"Jane","continuous-delivery"
"Jane","eq-iq"
"Jane","remote-ok"
"Rainforest QA","flex-hours"
"Rainforest QA","feedback"
"Rainforest QA","open-communication"
"Rainforest QA","retention"
"Rainforest QA","project-ownership"
"Rainforest QA","engineering-driven"
"Rainforest QA","internal-promotion"
"Rainforest QA","continuous-delivery"
"Rainforest QA","remote-ok"
"Dia&Co","customer-first"
"Dia&Co","data-driven"
"Dia&Co","quality-code"
"Dia&Co","worklife-balance"
"Dia&Co","retention"
"Dia&Co","agile-dev"
"Dia&Co","rapid-growth"
"Dia&Co","continuous-delivery"
"Dia&Co","remote-ok"
"Position Development","diverse-team"
"Position Development","inclusive"
"Position Development","safe-env"
"Position Development","open-communication"
"Position Development","worklife-balance"
"Position Development","quality-code"
"Position Development","pair-programs"
"Position Development","many-hats"
"Grammarly","creative-innovative"
"Grammarly","new-tech"
"Grammarly","impressive-teammates"
"Grammarly","retention"
"Grammarly","cross-dep"
"Grammarly","psychologically-safe"
"Grammarly","lunch-together"
"Stitch Fix","eq-iq"
"Stitch Fix","continuous-delivery"
"Stitch Fix","cross-dep"
"Stitch Fix","internal-promotion"
"Stitch Fix","rapid-growth"
"Stitch Fix","feedback"
"Stitch Fix","data-driven"
"Stitch Fix","inclusive"
"Stitch Fix","remote-ok"
"GitHub","eq-iq"
"GitHub","customer-first"
"GitHub","pair-programs"
"GitHub","worklife-balance"
"GitHub","product-driven"
"GitHub","flex-hours"
"GitHub","psychologically-safe"
"GitHub","creative-innovative"
"GitHub","remote-ok"
"Relay Network","flex-hours"
"Relay Network","impressive-teammates"
"Relay Network","creative-innovative"
"Relay Network","customer-first"
"Relay Network","cross-dep"
"Relay Network","personal-growth"
"Relay Network","agile-dev"
"VoiceOps","customer-first"
"VoiceOps","fast-paced"
"VoiceOps","personal-growth"
"VoiceOps","open-communication"
"VoiceOps","many-hats"
"VoiceOps","rapid-growth"
"VoiceOps","team-oriented"
"Asana","personal-growth"
"Asana","worklife-balance"
"Asana","quality-code"
"Asana","open-communication"
"Asana","inclusive"
"Asana","product-driven"
"Asana","psychologically-safe"
"Asana","impressive-teammates"
"Rover","worklife-balance"
"Rover","fast-paced"
"Rover","quality-code"
"Rover","safe-env"
"Rover","rapid-growth"
"Rover","project-ownership"
"Rover","cross-dep"
"Rover","impressive-teammates"
"Kite","engineering-driven"
"Kite","creative-innovative"
"Kite","bonded-by-product"
"Kite","impressive-teammates"
"Kite","project-ownership"
"Kite","open-communication"
"Kite","worklife-balance"
"Kite","internal-mobility"
"Thread","personal-growth"
"Thread","feedback"
"Thread","cross-dep"
"Thread","impressive-teammates"
"Thread","open-communication"
"Thread","fast-paced"
"Thread","quality-code"
"Thread","lunch-together"
"Eaze","bonded-by-product"
"Eaze","customer-first"
"Eaze","product-driven"
"Eaze","project-ownership"
"Eaze","cross-dep"
"Eaze","inclusive"
"Eaze","eq-iq"
"Eaze","personal-growth"
"Creator Deck Media","open-communication"
"Creator Deck Media","product-driven"
"Creator Deck Media","team-oriented"
"Creator Deck Media","personal-growth"
"Creator Deck Media","fast-paced"
"Creator Deck Media","creative-innovative"
"Creator Deck Media","retention"
"Nylas","engineering-driven"
"Nylas","worklife-balance"
"Nylas","customer-first"
"Nylas","open-communication"
"Nylas","inclusive"
"Nylas","project-ownership"
"Nylas","open-source"
"Nylas","lunch-together"
"Nylas","remote-ok"
"Iterable","impressive-teammates"
"Iterable","product-driven"
"Iterable","light-meetings"
"Iterable","worklife-balance"
"Iterable","flex-hours"
"Iterable","lunch-together"
"Iterable","new-tech"
"Iterable","physical-wellness"
"WorkMarket","worklife-balance"
"WorkMarket","open-communication"
"WorkMarket","impressive-teammates"
"WorkMarket","safe-env"
"WorkMarket","flex-hours"
"WorkMarket","personal-growth"
"WorkMarket","agile-dev"
"WorkMarket","diverse-team"
"WorkMarket","remote-ok"
"WineDirect","open-communication"
"WineDirect","project-ownership"
"WineDirect","safe-env"
"WineDirect","new-tech"
"WineDirect","internal-promotion"
"WineDirect","friends-outside-work"
"WineDirect","worklife-balance"
"WineDirect","lunch-together"
"WineDirect","remote-ok"
"Branch","engineering-driven"
"Branch","quality-code"
"Branch","project-ownership"
"Branch","worklife-balance"
"Branch","customer-first"
"Branch","fast-paced"
"Branch","diverse-team"
"Branch","open-communication"
"CareGuide","data-driven"
"CareGuide","personal-growth"
"CareGuide","feedback"
"CareGuide","safe-env"
"CareGuide","internal-promotion"
"CareGuide","cross-dep"
"CareGuide","flex-hours"
"CareGuide","project-ownership"
"Blockstack","project-ownership"
"Blockstack","customer-first"
"Blockstack","engages-community"
"Blockstack","flex-hours"
"Blockstack","rapid-growth"
"Blockstack","personal-growth"
"Blockstack","open-source"
"Blockstack","impressive-teammates"
"Blockstack","benefit-company"
"Blockstack","remote-ok"
"BuildZoom","impressive-teammates"
"BuildZoom","worklife-balance"
"BuildZoom","lunch-together"
"BuildZoom","product-driven"
"BuildZoom","cross-dep"
"BuildZoom","interns"
"BuildZoom","retention"
"BuildZoom","open-communication"
"bitExpert AG","engineering-driven"
"bitExpert AG","customer-first"
"bitExpert AG","retention"
"bitExpert AG","personal-growth"
"bitExpert AG","engages-community"
"bitExpert AG","open-source"
"bitExpert AG","creative-innovative"
"bitExpert AG","agile-dev"
"Remix","bonded-by-product"
"Remix","feedback"
"Remix","customer-first"
"Remix","product-driven"
"Remix","engages-community"
"Remix","open-communication"
"Remix","inclusive"
"Remix","lunch-together"
"Atlas","creative-innovative"
"Atlas","customer-first"
"Atlas","agile-dev"
"Atlas","open-communication"
"Atlas","junior-devs"
"Atlas","retention"
"Atlas","quality-code"
"Atlas","rapid-growth"
"Loylap","creative-innovative"
"Loylap","eq-iq"
"Loylap","project-ownership"
"Loylap","many-hats"
"Loylap","team-oriented"
"Loylap","worklife-balance"
"Loylap","personal-growth"
"Loylap","cross-dep"
"Strava","friends-outside-work"
"Strava","inclusive"
"Strava","bonded-by-product"
"Strava","creative-innovative"
"Strava","retention"
"Strava","internal-promotion"
"Strava","worklife-balance"
"Strava","physical-wellness"
"mindmatters","team-oriented"
"mindmatters","open-communication"
"mindmatters","worklife-balance"
"mindmatters","flat-organization"
"mindmatters","agile-dev"
"mindmatters","flex-hours"
"mindmatters","feedback"
"mindmatters","personal-growth"
"Connected Lab","project-ownership"
"Connected Lab","new-tech"
"Connected Lab","agile-dev"
"Connected Lab","pair-programs"
"Connected Lab","impressive-teammates"
"Connected Lab","cross-dep"
"Connected Lab","worklife-balance"
"Connected Lab","creative-innovative"
"Dev.xyz","creative-innovative"
"Dev.xyz","cross-dep"
"Dev.xyz","diverse-team"
"Dev.xyz","fast-paced"
"Dev.xyz","many-hats"
"Dev.xyz","feedback"
"Dev.xyz","internal-promotion"
"Dev.xyz","product-driven"
"Reddit","rapid-growth"
"Reddit","cross-dep"
"Reddit","retention"
"Reddit","personal-growth"
"Reddit","worklife-balance"
"Reddit","lunch-together"
"Reddit","safe-env"
"Reddit","engages-community"
"G Adventures","eq-iq"
"G Adventures","junior-devs"
"G Adventures","personal-growth"
"G Adventures","bonded-by-product"
"G Adventures","worklife-balance"
"G Adventures","project-ownership"
"G Adventures","safe-env"
"G Adventures","cross-dep"
"Digit","project-ownership"
"Digit","worklife-balance"
"Digit","continuous-delivery"
"Digit","data-driven"
"Digit","open-communication"
"Digit","light-meetings"
"Digit","feedback"
"Digit","retention"
"Alto","customer-first"
"Alto","inclusive"
"Alto","impressive-teammates"
"Alto","engages-community"
"Alto","project-ownership"
"Alto","cross-dep"
"Alto","fast-paced"
"Alto","rapid-growth"
"Coffee Meets Bagel","diverse-team"
"Coffee Meets Bagel","risk-taking"
"Coffee Meets Bagel","engineering-driven"
"Coffee Meets Bagel","creative-innovative"
"Coffee Meets Bagel","feedback"
"Coffee Meets Bagel","bonded-by-product"
"Coffee Meets Bagel","safe-env"
"Coffee Meets Bagel","personal-growth"
"Coffee Meets Bagel","remote-ok"
"Flatiron","diverse-team"
"Flatiron","cross-dep"
"Flatiron","parents"
"Flatiron","personal-growth"
"Flatiron","internal-mobility"
"Flatiron","eq-iq"
"Flatiron","flex-hours"
"Flatiron","retention"
"Signal","customer-first"
"Signal","impressive-teammates"
"Signal","many-hats"
"Signal","parents"
"Signal","worklife-balance"
"Signal","fast-paced"
"Signal","light-meetings"
"Signal","remote-ok"
"Postmates","data-driven"
"Postmates","impressive-teammates"
"Postmates","personal-growth"
"Postmates","cross-dep"
"Postmates","project-ownership"
"Postmates","fast-paced"
"Postmates","risk-taking"
"Postmates","rapid-growth"
"SportsRecruits","quality-code"
"SportsRecruits","product-driven"
"SportsRecruits","new-tech"
"SportsRecruits","continuous-delivery"
"SportsRecruits","project-ownership"
"SportsRecruits","lunch-together"
"SportsRecruits","good-beer"
"SportsRecruits","fast-paced"
"Routific","open-communication"
"Routific","team-oriented"
"Routific","personal-growth"
"Routific","psychologically-safe"
"Routific","quality-code"
"Routific","product-driven"
"Routific","friends-outside-work"
"Routific","internal-promotion"
"Eden","customer-first"
"Eden","rapid-growth"
"Eden","feedback"
"Eden","open-communication"
"Eden","inclusive"
"Eden","new-tech"
"Eden","data-driven"
"Eden","fast-paced"
"Samsara","fast-paced"
"Samsara","customer-first"
"Samsara","flat-organization"
"Samsara","open-communication"
"Samsara","many-hats"
"Samsara","rapid-growth"
"Samsara","internal-promotion"
"Samsara","worklife-balance"
"Y Combinator","project-ownership"
"Y Combinator","flex-hours"
"Y Combinator","customer-first"
"Y Combinator","parents"
"Y Combinator","flat-organization"
"Y Combinator","creative-innovative"
"Y Combinator","impressive-teammates"
"Y Combinator","cross-dep"
"Box","project-ownership"
"Box","product-driven"
"Box","cross-dep"
"Box","team-oriented"
"Box","personal-growth"
"Box","diverse-team"
"Box","eq-iq"
"Box","rapid-growth"
"Medisas","diverse-team"
"Medisas","project-ownership"
"Medisas","personal-growth"
"Medisas","impressive-teammates"
"Medisas","cross-dep"
"Medisas","open-communication"
"Medisas","friends-outside-work"
"Medisas","product-driven"
"Parabol","team-oriented"
"Parabol","open-communication"
"Parabol","open-source"
"Parabol","flex-hours"
"Parabol","eq-iq"
"Parabol","safe-env"
"Parabol","feedback"
"Parabol","interns"
"Parabol","remote-ok"
"Sensor Tower","fast-paced"
"Sensor Tower","project-ownership"
"Sensor Tower","product-driven"
"Sensor Tower","open-source"
"Sensor Tower","friends-outside-work"
"Sensor Tower","office-layout"
"Sensor Tower","flat-organization"
"Sensor Tower","personal-growth"
"Carbon Five","worklife-balance"
"Carbon Five","agile-dev"
"Carbon Five","retention"
"Carbon Five","psychologically-safe"
"Carbon Five","cross-dep"
"Carbon Five","engages-community"
"Carbon Five","parents"
"Carbon Five","lunch-together"
"Good Eggs","bonded-by-product"
"Good Eggs","agile-dev"
"Good Eggs","lunch-together"
"Good Eggs","worklife-balance"
"Good Eggs","continuous-delivery"
"Good Eggs","project-ownership"
"Good Eggs","psychologically-safe"
"Good Eggs","quality-code"
"Good Eggs","benefit-company"
"Amplitude","customer-first"
"Amplitude","impressive-teammates"
"Amplitude","team-oriented"
"Amplitude","open-communication"
"Amplitude","fast-paced"
"Amplitude","continuous-delivery"
"Amplitude","product-driven"
"Amplitude","risk-taking"
"Sonar","customer-first"
"Sonar","personal-growth"
"Sonar","pair-programs"
"Sonar","safe-env"
"Sonar","eq-iq"
"Sonar","team-oriented"
"Sonar","inclusive"
"Sonar","continuous-delivery"
"DataFox","project-ownership"
"DataFox","personal-growth"
"DataFox","inclusive"
"DataFox","open-communication"
"DataFox","impressive-teammates"
"DataFox","cross-dep"
"DataFox","team-oriented"
"DataFox","worklife-balance"
"PicnicHealth","bonded-by-product"
"PicnicHealth","project-ownership"
"PicnicHealth","cross-dep"
"PicnicHealth","creative-innovative"
"PicnicHealth","light-meetings"
"PicnicHealth","continuous-delivery"
"PicnicHealth","many-hats"
"PicnicHealth","diverse-team"
"Honor","diverse-team"
"Honor","bonded-by-product"
"Honor","cross-dep"
"Honor","team-oriented"
"Honor","open-communication"
"Honor","lunch-together"
"Honor","quality-code"
"Honor","fast-paced"
"Inntopia","agile-dev"
"Inntopia","worklife-balance"
"Inntopia","physical-wellness"
"Inntopia","impressive-teammates"
"Inntopia","good-beer"
"Inntopia","parents"
"Inntopia","engages-community"
"Algolia","feedback"
"Algolia","diverse-team"
"Algolia","cross-dep"
"Algolia","safe-env"
"Algolia","internal-mobility"
"Algolia","project-ownership"
"Algolia","lunch-together"
"Algolia","flex-hours"
"BuildingConnected","customer-first"
"BuildingConnected","creative-innovative"
"BuildingConnected","open-communication"
"BuildingConnected","safe-env"
"BuildingConnected","light-meetings"
"BuildingConnected","quality-code"
"BuildingConnected","continuous-delivery"
"BuildingConnected","team-oriented"
"BrightCrowd","creative-innovative"
"BrightCrowd","diverse-team"
"BrightCrowd","impressive-teammates"
"BrightCrowd","open-communication"
"BrightCrowd","personal-growth"
"BrightCrowd","worklife-balance"
"BrightCrowd","lunch-together"
"BrightCrowd","continuous-delivery"
"BrightCrowd","remote-ok"
